time,seconds_elapsed,bearingAccuracy,speedAccuracy,verticalAccuracy,horizontalAccuracy,speed,bearing,altitude,longitude,latitude
1670845556947000000,0.492,0,0,6.119264602661133,56.099998474121094,0,0,2320.5,7.27002,46.0801105
1670845561998000000,5.543000244140625,0,0,8.901575088500977,72.9000015258789,0,0,2320.5,7.2700188,46.0801089
1670845567027000000,10.572,0,0,7.69032096862793,82.5,0,0,2320.5,7.2700182,46.0801018
1670845572024000000,15.569,0,0,12.612126350402832,116.0999984741211,0,0,2320.599853515625,7.2700002,46.0800553
1670845577041000000,20.586,0,0,9.646956443786621,87.5999984741211,0,0,2320.5,7.2700174,46.080106
1670845582053000000,25.598,0,0,16.970991134643555,104.0999984741211,0,0,2320.5,7.2700152,46.0801108
1670845587083000000,30.628,0,0,10.258151054382324,77.5999984741211,0,0,2320.5,7.2700176,46.0801098
1670845592092000000,35.637,0,0,23.96303939819336,128.8990020751953,0,0,2320.5,7.2700157,46.0801132
1670845594449000000,37.994,0,0,0,600,0,0,0,7.2696383,46.0800501
1670845602117000000,45.662,0,0,20.657793045043945,128.8990020751953,0,0,2320.599853515625,7.2699991,46.0800355
1670845607127000000,50.672,0,0,9.008661270141602,87.5999984741211,0,0,2320.5,7.2700182,46.0801076
1670845612150000000,55.69500024414062,0,0,6.339428424835205,77.5999984741211,0,0,2320.5,7.2700181,46.0801024
1670845614534000000,58.07900024414062,0,0,0,600,0,0,0,7.2696383,46.0800501
1670845622199000000,65.744,0,0,23.401405334472656,110,0,0,2320.5,7.2700127,46.0801061
1670845627214000000,70.75900024414062,0,0,49.510414123535156,142.5,0,0,2320.5,7.2700122,46.0801096
1670845629835000000,73.38,0,0,15.204974174499512,116.0999984741211,0,0,2320.5,7.270009,46.0800751
1670845634721000000,78.266,0,0,0,600,0,0,0,7.2696383,46.0800501
1670845642344000000,85.889,0,0,0,600,0,0,0,7.2696383,46.0800501
1670845662426000000,105.97099975585938,0,0,0,500,0,0,0,7.2670081,46.0823157
1670845667493000000,111.038,0,0,0,1500,0,0,0,7.269515,46.0851531
1670845687564000000,131.109,0,0,0,600,0,0,0,7.2696383,46.0800501
1670845692859000000,136.404,0,0,0,500,0,0,0,7.2670081,46.0823157
1670845713052000000,156.597,0,0,0,600,0,0,0,7.2696383,46.0800501
1670845718078000000,161.62300024414063,0,0,0,600,0,0,0,7.2696383,46.0800501
1670845725213000000,168.758,0,0,0,600,0,0,0,7.2696383,46.0800501
1670845726385000000,169.93,0,0,0,600,0,0,0,7.2696383,46.0800501
1670845735694000000,179.2390002441406,0,0,0,600,0,0,0,7.2696383,46.0800501
1670845768051000000,211.596,0,0,0,600,0,0,0,7.2696383,46.0800501
1670845773221000000,216.766,0,0,0,600,0,0,0,7.2696383,46.0800501
1670845778108000000,221.653,0,0,0,600,0,0,0,7.2696383,46.0800501
1670845783131000000,226.676,0,0,0,600,0,0,0,7.2696383,46.0800501
1670845788160000000,231.705,0,0,0,600,0,0,0,7.2696383,46.0800501
1670845793165000000,236.71,0,0,0,600,0,0,0,7.2696383,46.0800501
1670845798183000000,241.728,0,0,0,600,0,0,0,7.2696383,46.0800501
1670845803334000000,246.87900024414063,0,0,0,600,0,0,0,7.2696383,46.0800501
1670845808253000000,251.798,0,0,0,600,0,0,0,7.2696383,46.0800501
1670845813269000000,256.814,0,0,0,600,0,0,0,7.2696383,46.0800501
1670845818284000000,261.829,0,0,0,600,0,0,0,7.2696383,46.0800501
1670845823299000000,266.844,0,0,0,600,0,0,0,7.2696383,46.0800501
1670845828313000000,271.858,0,0,0,500,0,0,0,7.2670081,46.0823157
1670845861317000000,304.862,0,0,0,1799.9990234375,0,0,0,7.2678872,46.088554
1670845866425000000,309.97,0,0,0,1799.9990234375,0,0,0,7.2678872,46.088554
1670845871347000000,314.892,0,0,0,1799.9990234375,0,0,0,7.2678872,46.088554
1670845876361000000,319.906,0,0,0,1799.9990234375,0,0,0,7.2678872,46.088554
1670845881380000000,324.925,0,0,0,1799.9990234375,0,0,0,7.2678872,46.088554
1670845886405000000,329.95,0,0,0,1799.9990234375,0,0,0,7.2678872,46.088554
1670845891407000000,334.952,0,0,0,1799.9990234375,0,0,0,7.2678872,46.088554
1670845896435000000,339.98,0,0,0,1799.9990234375,0,0,0,7.2678872,46.088554
1670845904104000000,347.649,0,0,0,135.60000610351562,0,0,0,7.2706802,46.0902163
1670845909131000000,352.676,0,0,0,98.4000015258789,0,0,0,7.2706797,46.0902187
1670845914179000000,357.724,0,0,0,122.4000015258789,0,0,0,7.2706783,46.0902165
1670845922611000000,366.156,0,0,0,135.60000610351562,0,0,0,7.2706802,46.0902163
1670845928072000000,371.617,0,0,0,1799.9990234375,0,0,0,7.2678872,46.088554
1670845935764000000,379.309,0,0,0,142.5,0,0,0,7.2706806,46.0902202
1670845938141000000,381.686,0,0,0,1799.9990234375,0,0,0,7.2678872,46.088554
1670845943163000000,386.708,0,0,0,1799.9990234375,0,0,0,7.2678872,46.088554
1670845948193000000,391.738,0,0,0,1799.9990234375,0,0,0,7.2678872,46.088554
1670845953220000000,396.765,0,0,0,1799.9990234375,0,0,0,7.2678872,46.088554
1670845958251000000,401.796,0,0,0,1799.9990234375,0,0,0,7.2678872,46.088554
1670845963281000000,406.826,0,0,0,1799.9990234375,0,0,0,7.2678872,46.088554
1670845968313000000,411.858,0,0,0,1799.9990234375,0,0,0,7.2678872,46.088554
1670845973342000000,416.8870002441406,0,0,0,1799.9990234375,0,0,0,7.2678872,46.088554
1670845981030000000,424.5750002441406,0,0,0,149.60000610351562,0,0,0,7.2706792,46.0902203
1670845986054000000,429.5990002441406,0,0,0,142.5,0,0,0,7.2706806,46.0902202
1670845988450000000,431.9949997558594,0,0,0,1799.9990234375,0,0,0,7.2678872,46.088554
1670845993488000000,437.033,0,0,0,1799.9990234375,0,0,0,7.2678872,46.088554
1670845998533000000,442.078,0,0,0,1799.9990234375,0,0,0,7.2678872,46.088554
1670846007153000000,450.698,0,0,0,1700,0,0,0,7.2699429,46.089622
1670846040084000000,483.629,0,0,0,600,0,0,0,7.2696383,46.0800501
1670846074081000000,517.626,0,0,0,1500,0,0,0,7.269515,46.0851531
1670846109435000000,552.98,0,0,20.729272842407227,104.0999984741211,0,0,2320.599853515625,7.2699844,46.0799953
1670846118743000000,562.288,0,0,20.729272842407227,104.0999984741211,0,0,2320.599853515625,7.2699844,46.0799953
1670846123749000000,567.294,0,0,23.401405334472656,110,0,0,2320.599853515625,7.2699848,46.0799936
1670846126140000000,569.685,0,0,0,1799.9990234375,0,0,0,7.2678872,46.088554
1670846131133000000,574.678,0,0,0,1799.9990234375,0,0,0,7.2678872,46.088554
1670846136153000000,579.698,0,0,0,400,0,0,0,7.2741234,46.0794645
1670846141167000000,584.712,0,0,0,400,0,0,0,7.2741234,46.0794645
1670846147706000000,591.2509997558594,0,0,59.90760040283203,149.60000610351562,0,0,2321.099853515625,7.2705414,46.0800189
1670846147823000000,591.368,0,0,0,400,0,0,0,7.2741234,46.0794645
1670846155492000000,599.037,0,0,23.401405334472656,110,0,0,2321.099853515625,7.2705456,46.0800168
1670846160521000000,604.066,0,0,13.584489822387695,82.5,0,0,2321.099853515625,7.2705501,46.0800177
1670846165555000000,609.1,0,0,11.324687957763672,72.9000015258789,0,0,2321.099853515625,7.2705528,46.0800182
1670846170557000000,614.102,0,0,23.401405334472656,110,0,0,2321.099853515625,7.2705456,46.0800168
1670846175572000000,619.117,0,0,20.729272842407227,104.0999984741211,0,0,2321.099853515625,7.2705447,46.0800179
1670846180601000000,624.146,0,0,26.625600814819336,116.0999984741211,0,0,2321.099853515625,7.2705473,46.0800146
1670846186407000000,629.952,0,0,18.489999771118164,98.4000015258789,0,0,2321.099853515625,7.2705455,46.080018
1670846191426000000,634.9709997558593,0,0,18.489999771118164,98.4000015258789,0,0,2321.099853515625,7.2705455,46.080018
1670846207678000000,651.2230002441406,0,0,30.565101623535156,122.4000015258789,0,0,2321.099853515625,7.2705475,46.080014
1670846213004000000,656.549,0,0,26.625600814819336,116.0999984741211,0,0,2321.099853515625,7.2705473,46.0800146
1670846218022000000,661.5670002441407,0,0,18.489999771118164,98.4000015258789,0,0,2321.099853515625,7.2705455,46.080018
1670846223105000000,666.65,0,0,30.565101623535156,122.4000015258789,0,0,2321.099853515625,7.2705475,46.080014
1670846228144000000,671.689,0,0,26.625600814819336,116.0999984741211,0,0,2321.099853515625,7.2705473,46.0800146
1670846233176000000,676.721,0,0,23.401405334472656,110,0,0,2321.099853515625,7.2705456,46.0800168
1670846238197000000,681.742,0,0,26.625600814819336,116.0999984741211,0,0,2321.099853515625,7.2705473,46.0800146
1670846243211000000,686.756,0,0,30.565101623535156,122.4000015258789,0,0,2321.099853515625,7.2705475,46.080014
1670846248270000000,691.8150002441406,0,0,30.565101623535156,122.4000015258789,0,0,2321.099853515625,7.2705475,46.080014
1670846253280000000,696.825,0,0,35.44828414916992,128.8990020751953,0,0,2321.099853515625,7.2705474,46.0800192
1670846258320000000,701.865,0,0,23.401405334472656,110,0,0,2321.099853515625,7.2705456,46.0800168
1670846263346000000,706.8909997558594,0,0,23.401405334472656,110,0,0,2321.099853515625,7.2705456,46.0800168
1670846268366000000,711.9110002441406,0,0,30.565101623535156,122.4000015258789,0,0,2321.099853515625,7.2705475,46.080014
1670846273370000000,716.9149997558594,0,0,18.489999771118164,98.4000015258789,0,0,2321.099853515625,7.2705455,46.080018
1670846276989000000,720.534,0,0,30.565101623535156,122.4000015258789,0,0,2321.099853515625,7.2705475,46.080014
1670846282050000000,725.5949997558594,0,0,18.489999771118164,98.4000015258789,0,0,2321.099853515625,7.2705455,46.080018
1670846287087000000,730.632,0,0,18.489999771118164,98.4000015258789,0,0,2321.099853515625,7.2705455,46.080018
1670846292109000000,735.654,0,0,20.729272842407227,104.0999984741211,0,0,2321.099853515625,7.2705447,46.0800179
1670846297120000000,740.665,0,0,35.44828414916992,128.8990020751953,0,0,2321.099853515625,7.2705474,46.0800192
1670846302141000000,745.686,0,0,30.565101623535156,122.4000015258789,0,0,2321.099853515625,7.2705475,46.080014
1670846304563000000,748.108,0,0,0,1799.9990234375,0,0,0,7.2678872,46.088554
1670846309549000000,753.094,0,0,0,1799.9990234375,0,0,0,7.2678872,46.088554
1670846314688000000,758.233,0,0,0,1799.9990234375,0,0,0,7.2678872,46.088554
1670846319642000000,763.1869997558593,0,0,0,1799.9990234375,0,0,0,7.2678872,46.088554
1670846352679000000,796.224,0,0,0,1799.9990234375,0,0,0,7.2678872,46.088554
1670846386615000000,830.16,0,0,0,1799.9990234375,0,0,0,7.2678872,46.088554
1670846399073000000,842.618,0,0,0,1799.9990234375,0,0,0,7.2678872,46.088554
1670846404123000000,847.668,0,0,0,1799.9990234375,0,0,0,7.2678872,46.088554
1670846409136000000,852.681,0,0,0,1799.9990234375,0,0,0,7.2678872,46.088554
1670846414264000000,857.809,0,0,0,1799.9990234375,0,0,0,7.2678872,46.088554
1670846419179000000,862.724,0,0,0,1799.9990234375,0,0,0,7.2678872,46.088554
1670846448029000000,891.574,0,0,0,3799.9990234375,0,0,0,7.2334227,46.072164
1670846474301000000,917.846,0,0,0,400,0,0,0,7.2741234,46.0794645
1670846486052000000,929.597,0,0,0,400,0,0,0,7.2741234,46.0794645
1670846491072000000,934.617,0,0,0,400,0,0,0,7.2741234,46.0794645
1670846496073000000,939.618,0,0,0,500,0,0,0,7.2779331,46.0804203
1670846501224000000,944.769,0,0,0,500,0,0,0,7.2779331,46.0804203
1670846520101000000,963.646,0,0,0,500,0,0,0,7.2804906,46.0820553
1670846527863000000,971.408,0,0,0,500,0,0,0,7.2804906,46.0820553
1670846532884000000,976.429,0,0,0,500,0,0,0,7.2804906,46.0820553
1670846537934000000,981.4790002441406,0,0,0,500,0,0,0,7.2804906,46.0820553
1670846561866000000,1005.4109997558594,0,0,0,500,0,0,0,7.2804906,46.0820553
1670846591898000000,1035.4429997558593,0,0,0,2799.9990234375,0,0,0,7.377313,46.2773606
1670846598368000000,1041.913,0,0,0,2799.9990234375,0,0,0,7.377313,46.2773606
1670846603293000000,1046.838,0,0,0,2799.9990234375,0,0,0,7.377313,46.2773606
1670846611004000000,1054.549,0,0,30.565101623535156,122.4000015258789,0,0,2950.39990234375,7.3016515,46.0845705
1670846613697000000,1057.242,0,0,49.510414123535156,142.5,0,0,2950.39990234375,7.3016391,46.0845668
1670846613734000000,1057.2790002441407,0,0,0,2799.9990234375,0,0,0,7.377313,46.2773606
1670846618754000000,1062.2989997558593,0,0,0,2799.9990234375,0,0,0,7.377313,46.2773606
1670846623771000000,1067.316,0,0,0,2799.9990234375,0,0,0,7.377313,46.2773606
1670846631466000000,1075.0109997558593,0,0,73.95999908447266,156.89999389648438,0,0,2955.599853515625,7.3011153,46.0845841
1670846633813000000,1077.358,0,0,0,2799.9990234375,0,0,0,7.377313,46.2773606
1670846668030000000,1111.5750002441407,0,0,0,2799.9990234375,0,0,0,7.377313,46.2773606
1670846675075000000,1118.62,0,0,0,2799.9990234375,0,0,0,7.377313,46.2773606
1670846680207000000,1123.752,0,0,0,2799.9990234375,0,0,0,7.377313,46.2773606
1670846687806000000,1131.3510002441406,0,0,59.90760040283203,149.60000610351562,0,0,2955.599853515625,7.3011182,46.0845849
1670846690177000000,1133.722,0,0,0,2799.9990234375,0,0,0,7.377313,46.2773606
1670846695186000000,1138.7309997558593,0,0,0,2799.9990234375,0,0,0,7.377313,46.2773606
1670846700233000000,1143.778,0,0,0,2799.9990234375,0,0,0,7.377313,46.2773606
1670846705255000000,1148.8,0,0,0,2799.9990234375,0,0,0,7.377313,46.2773606
1670846710309000000,1153.854,0,0,0,2799.9990234375,0,0,0,7.377313,46.2773606
1670846717976000000,1161.521,0,0,49.510414123535156,142.5,0,0,2950.39990234375,7.3016391,46.0845668
1670846720340000000,1163.885,0,0,0,2799.9990234375,0,0,0,7.377313,46.2773606
1670846725352000000,1168.897,0,0,0,2799.9990234375,0,0,0,7.377313,46.2773606
1670846733024000000,1176.569,0,0,49.510414123535156,142.5,0,0,2950.39990234375,7.3016391,46.0845668
1670846735413000000,1178.958,0,0,0,2799.9990234375,0,0,0,7.377313,46.2773606
1670846743130000000,1186.6749997558593,0,0,30.565101623535156,122.4000015258789,0,0,2950.39990234375,7.3016515,46.0845705
1670846748164000000,1191.709,0,0,49.510414123535156,142.5,0,0,2950.39990234375,7.3016391,46.0845668
1670846753156000000,1196.701,0,0,17.619882583618164,122.4000015258789,0,0,2950.39990234375,7.3016536,46.084574
1670846758178000000,1201.7229997558593,0,0,11.86289119720459,92.9000015258789,0,0,2950.39990234375,7.3016541,46.0845651
1670846763167000000,1206.712,0,0,7.507217884063721,72.9000015258789,0,0,2950.39990234375,7.3015683,46.084574
1670846768252000000,1211.797,0,0,6.784552574157715,82.5,0,0,2950.39990234375,7.3015722,46.0845733
1670846773289000000,1216.834,0,0,19.55642318725586,87.5999984741211,0,0,2955.599853515625,7.3012301,46.0845877
1670846778366000000,1221.9110002441407,0,0,10.118149757385254,56.099998474121094,0,0,2955.599853515625,7.3011569,46.0845863
1670846783339000000,1226.884,0,0,24.210500717163086,98.4000015258789,0,0,2955.599853515625,7.3012675,46.0845871
1670846788359000000,1231.904,0,0,8.546019554138184,98.4000015258789,0,0,2950.39990234375,7.3014977,46.0845701
1670846793442000000,1236.9869997558594,0,0,5.662343978881836,72.9000015258789,0,0,2950.2998046875,7.301651,46.084569
1670846798464000000,1242.009,0,0,8.745635032653809,92.9000015258789,0,0,2950.39990234375,7.3016545,46.0845685
1670846803520000000,1247.065,0,0,16.59490394592285,92.9000015258789,0,0,2950.2998046875,7.3016458,46.0845682
1670846808526000000,1252.0710002441406,0,0,10.807625770568848,82.5,0,0,2950.39990234375,7.3014363,46.0845743
1670846813554000000,1257.0989997558593,0,0,49.510414123535156,142.5,0,0,2950.2998046875,7.3016392,46.0845675
1670846818585000000,1262.13,0,0,7.872220993041992,87.5999984741211,0,0,2950.2998046875,7.3016519,46.084568
1670846823583000000,1267.128,0,0,6.656400203704834,87.5999984741211,0,0,2950.39990234375,7.3015583,46.0845724
1670846828602000000,1272.1469997558593,0,0,33.098121643066406,149.60000610351562,0,0,2950.39990234375,7.3016411,46.084566
1670846833687000000,1277.232,0,0,4.562650203704834,52.400001525878906,0,0,2950.39990234375,7.3016543,46.0845672
1670846838731000000,1282.276,0,0,4.971585273742676,60,0,0,2950.39990234375,7.3016527,46.0845675
1670846843750000000,1287.2950002441407,0,0,3.8157706260681152,48.900001525878906,0,0,2950.2998046875,7.3016535,46.0845679
1670846848775000000,1292.32,0,0,6.731191158294678,72.9000015258789,0,0,2950.39990234375,7.3016521,46.0845669
1670846853817000000,1297.362,0,0,4.672979831695557,48.900001525878906,0,0,2950.2998046875,7.3016544,46.0845686
1670846858255000000,1301.8,0,0,10.528576850891113,87.5999984741211,0,0,2950.39990234375,7.3016522,46.084566
1670846863891000000,1307.436,0,0,17.619882583618164,122.4000015258789,0,0,2950.2998046875,7.3016531,46.0845741
1670846869025000000,1312.57,0,0,17.619882583618164,122.4000015258789,0,0,2950.39990234375,7.3016536,46.084574
1670846874023000000,1317.568,0,0,14.61160945892334,104.0999984741211,0,0,2950.2998046875,7.3016545,46.0845662
1670846880133000000,1323.678,0,0,23.401405334472656,110,0,0,2950.2998046875,7.3016507,46.0845657
1670846885186000000,1328.7309997558593,0,0,9.58521556854248,64.0999984741211,0,0,2950.2998046875,7.3016518,46.0845692
1670846890237000000,1333.782,0,0,23.401405334472656,110,0,0,2950.2998046875,7.3016507,46.0845657
1670846895250000000,1338.7949997558594,0,0,93.60562133789062,164.39999389648438,0,0,2950.2998046875,7.3016345,46.0845538
1670846897655000000,1341.2,0,0,0,2799.9990234375,0,0,0,7.377313,46.2773606
1670846916743000000,1360.288,0,0,26.625600814819336,116.0999984741211,0,0,2950.2998046875,7.3016511,46.0845697
1670846921766000000,1365.3110002441406,0,0,30.565101623535156,122.4000015258789,0,0,2950.2998046875,7.3016504,46.0845707
1670846924152000000,1367.697,0,0,0,2799.9990234375,0,0,0,7.377313,46.2773606
1670846929164000000,1372.709,0,0,0,2799.9990234375,0,0,0,7.377313,46.2773606
1670846934165000000,1377.71,0,0,0,2799.9990234375,0,0,0,7.377313,46.2773606
1670846939248000000,1382.793,0,0,0,2799.9990234375,0,0,0,7.377313,46.2773606
1670846944239000000,1387.784,0,0,0,2799.9990234375,0,0,0,7.377313,46.2773606
1670846949268000000,1392.813,0,0,0,2799.9990234375,0,0,0,7.377313,46.2773606
1670846954251000000,1397.796,0,0,0,2799.9990234375,0,0,0,7.377313,46.2773606
1670846959299000000,1402.844,0,0,0,2799.9990234375,0,0,0,7.377313,46.2773606
1670846964309000000,1407.854,0,0,0,2799.9990234375,0,0,0,7.377313,46.2773606
1670846969332000000,1412.877,0,0,0,2799.9990234375,0,0,0,7.377313,46.2773606
1670846974358000000,1417.9030002441407,0,0,0,2799.9990234375,0,0,0,7.377313,46.2773606
1670846979474000000,1423.0189997558593,0,0,0,2799.9990234375,0,0,0,7.377313,46.2773606
1670846984421000000,1427.966,0,0,0,2799.9990234375,0,0,0,7.377313,46.2773606
1670846989459000000,1433.004,0,0,0,2799.9990234375,0,0,0,7.377313,46.2773606
1670846994483000000,1438.028,0,0,0,2799.9990234375,0,0,0,7.377313,46.2773606
1670846999515000000,1443.06,0,0,0,2799.9990234375,0,0,0,7.377313,46.2773606
1670847004537000000,1448.082,0,0,0,2799.9990234375,0,0,0,7.377313,46.2773606
1670847009694000000,1453.2390002441407,0,0,0,2799.9990234375,0,0,0,7.377313,46.2773606
1670847014615000000,1458.16,0,0,0,2799.9990234375,0,0,0,7.377313,46.2773606
1670847019626000000,1463.1709997558594,0,0,0,2799.9990234375,0,0,0,7.377313,46.2773606
1670847043513000000,1487.058,0,0,0,2799.9990234375,0,0,0,7.377313,46.2773606
1670847054100000000,1497.645,0,0,0,4400,0,0,0,7.3528041,46.2909829
1670847059913000000,1503.458,0,0,0,4400,0,0,0,7.3528041,46.2909829
1670847064989000000,1508.534,0,0,0,4400,0,0,0,7.3528041,46.2909829
1670847070138000000,1513.6829997558593,0,0,0,4400,0,0,0,7.3528041,46.2909829
1670847075098000000,1518.6429997558594,0,0,0,2799.9990234375,0,0,0,7.377313,46.2773606
1670847080220000000,1523.765,0,0,0,2799.9990234375,0,0,0,7.377313,46.2773606
1670847085159000000,1528.704,0,0,0,2799.9990234375,0,0,0,7.377313,46.2773606
1670847090189000000,1533.734,0,0,0,1500,0,0,0,7.2906933,46.0829021
1670847105081000000,1548.626,0,0,0,3500,0,0,0,7.2864557,46.0816743
1670847138072000000,1581.617,0,0,0,2500,0,0,0,7.0943723,46.0835932
1670847156114000000,1599.6589997558594,0,0,0,2500,0,0,0,7.0943723,46.0835932
1670847161127000000,1604.672,0,0,0,2500,0,0,0,7.0943723,46.0835932
1670847166155000000,1609.7,0,0,0,2500,0,0,0,7.0943723,46.0835932
1670847171176000000,1614.721,0,0,0,2500,0,0,0,7.0943723,46.0835932
1670847176303000000,1619.848,0,0,0,2500,0,0,0,7.0943723,46.0835932
1670847181267000000,1624.812,0,0,0,2500,0,0,0,7.0943723,46.0835932
1670847186526000000,1630.0710002441406,0,0,0,2500,0,0,0,7.0943723,46.0835932
1670847191548000000,1635.093,0,0,0,2500,0,0,0,7.0943723,46.0835932
1670847196562000000,1640.1069997558593,0,0,0,1799.9990234375,0,0,0,7.0976123,46.0851895
1670847201573000000,1645.118,0,0,0,1799.9990234375,0,0,0,7.0976123,46.0851895
1670847206610000000,1650.1549997558593,0,0,0,2500,0,0,0,7.0943723,46.0835932
1670847211624000000,1655.169,0,0,0,2500,0,0,0,7.0943723,46.0835932
1670847216647000000,1660.192,0,0,0,1799.9990234375,0,0,0,7.0976123,46.0851895
1670847221677000000,1665.222,0,0,0,1799.9990234375,0,0,0,7.0976123,46.0851895
1670847226701000000,1670.246,0,0,0,1799.9990234375,0,0,0,7.0976123,46.0851895
1670847231734000000,1675.2790002441407,0,0,0,1799.9990234375,0,0,0,7.0976123,46.0851895
1670847236871000000,1680.416,0,0,0,2500,0,0,0,7.0943723,46.0835932
1670847241819000000,1685.364,0,0,0,2500,0,0,0,7.0943723,46.0835932
1670847246839000000,1690.384,0,0,0,2500,0,0,0,7.0943723,46.0835932
1670847251851000000,1695.396,0,0,0,2500,0,0,0,7.0943723,46.0835932
1670847256869000000,1700.414,0,0,0,2500,0,0,0,7.0943723,46.0835932
1670847261901000000,1705.446,0,0,0,1799.9990234375,0,0,0,7.0976123,46.0851895
1670847266941000000,1710.486,0,0,0,1799.9990234375,0,0,0,7.0976123,46.0851895
1670847271972000000,1715.517,0,0,0,1799.9990234375,0,0,0,7.0976123,46.0851895
1670847276988000000,1720.533,0,0,0,1799.9990234375,0,0,0,7.0976123,46.0851895
1670847282010000000,1725.5549997558594,0,0,0,2500,0,0,0,7.0943723,46.0835932
1670847287039000000,1730.584,0,0,0,2500,0,0,0,7.0943723,46.0835932
1670847292062000000,1735.6070002441406,0,0,0,1799.9990234375,0,0,0,7.0976123,46.0851895
1670847297098000000,1740.6429997558594,0,0,0,1799.9990234375,0,0,0,7.0976123,46.0851895
1670847302123000000,1745.668,0,0,0,2500,0,0,0,7.0943723,46.0835932
1670847307137000000,1750.682,0,0,0,2500,0,0,0,7.0943723,46.0835932
1670847312273000000,1755.818,0,0,0,1799.9990234375,0,0,0,7.0976123,46.0851895
1670847317633000000,1761.178,0,0,0,2900,0,0,0,7.2431449,46.113214
1670847323253000000,1766.798,0,0,0,1500,0,0,0,7.2906933,46.0829021
1670847338152000000,1781.697,0,0,0,3500,0,0,0,7.2864557,46.0816743
1670847343181000000,1786.726,0,0,0,3500,0,0,0,7.2864557,46.0816743
1670847348256000000,1791.801,0,0,0,3500,0,0,0,7.2864557,46.0816743
1670847353298000000,1796.8429997558594,0,0,0,3500,0,0,0,7.2864557,46.0816743
1670847358324000000,1801.869,0,0,0,3500,0,0,0,7.2864557,46.0816743
1670847363278000000,1806.8230002441405,0,0,0,3500,0,0,0,7.2864557,46.0816743
1670847368397000000,1811.942,0,0,0,3500,0,0,0,7.2864557,46.0816743
1670847373340000000,1816.885,0,0,0,3500,0,0,0,7.2864557,46.0816743
1670847378373000000,1821.918,0,0,0,3500,0,0,0,7.2864557,46.0816743
1670847383422000000,1826.9670002441405,0,0,0,3500,0,0,0,7.2864557,46.0816743
1670847388546000000,1832.0909997558595,0,0,0,3500,0,0,0,7.2864557,46.0816743
1670847393493000000,1837.038,0,0,0,3500,0,0,0,7.2864557,46.0816743
1670847398557000000,1842.102,0,0,0,3500,0,0,0,7.2864557,46.0816743
1670847403563000000,1847.108,0,0,0,3500,0,0,0,7.2864557,46.0816743
1670847408557000000,1852.102,0,0,0,3500,0,0,0,7.2864557,46.0816743
1670847413603000000,1857.148,0,0,0,3500,0,0,0,7.2864557,46.0816743
1670847418641000000,1862.186,0,0,0,1500,0,0,0,7.2906933,46.0829021
1670847423674000000,1867.2189997558594,0,0,0,1500,0,0,0,7.2906933,46.0829021
1670847428899000000,1872.444,0,0,0,1500,0,0,0,7.2906933,46.0829021
1670847433943000000,1877.488,0,0,0,1500,0,0,0,7.2906933,46.0829021
1670847438970000000,1882.5149997558594,0,0,0,1500,0,0,0,7.2906933,46.0829021
1670847444066000000,1887.6109997558594,0,0,0,1500,0,0,0,7.2906933,46.0829021
1670847449125000000,1892.67,0,0,0,1500,0,0,0,7.2906933,46.0829021
1670847454167000000,1897.712,0,0,0,1500,0,0,0,7.2906933,46.0829021
1670847459139000000,1902.684,0,0,0,1500,0,0,0,7.2906933,46.0829021
1670847464240000000,1907.785,0,0,0,1500,0,0,0,7.2906933,46.0829021
1670847469299000000,1912.844,0,0,0,1500,0,0,0,7.2906933,46.0829021
1670847474330000000,1917.8749997558593,0,0,0,1500,0,0,0,7.2906933,46.0829021
1670847479272000000,1922.817,0,0,0,1500,0,0,0,7.2906933,46.0829021
1670847484293000000,1927.838,0,0,0,1500,0,0,0,7.2906933,46.0829021
1670847489397000000,1932.942,0,0,0,1500,0,0,0,7.2906933,46.0829021
1670847494356000000,1937.901,0,0,0,1500,0,0,0,7.2906933,46.0829021
1670847499399000000,1942.944,0,0,0,1500,0,0,0,7.2906933,46.0829021
1670847504505000000,1948.05,0,0,0,1500,0,0,0,7.2906933,46.0829021
1670847509471000000,1953.016,0,0,0,1500,0,0,0,7.2906933,46.0829021
1670847514493000000,1958.038,0,0,0,1500,0,0,0,7.2906933,46.0829021
1670847519613000000,1963.158,0,0,0,1500,0,0,0,7.2906933,46.0829021
1670847524790000000,1968.3350002441407,0,0,0,1500,0,0,0,7.2906933,46.0829021
1670847529845000000,1973.39,0,0,0,1500,0,0,0,7.2906933,46.0829021
1670847534886000000,1978.4310002441407,0,0,0,1500,0,0,0,7.2906933,46.0829021
1670847539912000000,1983.457,0,0,0,1500,0,0,0,7.2906933,46.0829021
1670847544923000000,1988.468,0,0,0,1500,0,0,0,7.2906933,46.0829021
1670847549962000000,1993.5069997558594,0,0,0,1500,0,0,0,7.2906933,46.0829021
1670847554927000000,1998.472,0,0,0,1500,0,0,0,7.2906933,46.0829021
1670847559956000000,2003.501,0,0,0,1500,0,0,0,7.2906933,46.0829021
1670847564987000000,2008.532,0,0,0,1500,0,0,0,7.2906933,46.0829021
1670847570083000000,2013.628,0,0,0,1500,0,0,0,7.2906933,46.0829021
1670847575059000000,2018.604,0,0,0,1500,0,0,0,7.2906933,46.0829021
1670847580210000000,2023.7549997558594,0,0,0,1500,0,0,0,7.2906933,46.0829021
1670847585220000000,2028.765,0,0,0,1500,0,0,0,7.2906933,46.0829021
1670847590166000000,2033.7110002441407,0,0,0,1500,0,0,0,7.2906933,46.0829021
1670847595265000000,2038.81,0,0,0,1500,0,0,0,7.2906933,46.0829021
1670847600306000000,2043.8509997558594,0,0,0,1500,0,0,0,7.2906933,46.0829021
1670847605360000000,2048.905,0,0,0,1500,0,0,0,7.2906933,46.0829021
1670847610311000000,2053.856,0,0,0,1500,0,0,0,7.2906933,46.0829021
1670847615367000000,2058.912,0,0,0,1500,0,0,0,7.2906933,46.0829021
1670847620465000000,2064.01,0,0,0,1500,0,0,0,7.2906933,46.0829021
1670847625533000000,2069.078,0,0,0,1500,0,0,0,7.2906933,46.0829021
1670847630584000000,2074.129,0,0,0,1500,0,0,0,7.2906933,46.0829021
1670847635638000000,2079.1830002441407,0,0,0,1799.9990234375,0,0,0,7.0976123,46.0851895
1670847640545000000,2084.09,0,0,0,1799.9990234375,0,0,0,7.0976123,46.0851895
1670847645568000000,2089.113,0,0,0,2500,0,0,0,7.0943723,46.0835932
1670847650767000000,2094.312,0,0,0,1799.9990234375,0,0,0,7.0976123,46.0851895
1670847655733000000,2099.278,0,0,0,2500,0,0,0,7.0943723,46.0835932
1670847660688000000,2104.233,0,0,0,2500,0,0,0,7.0943723,46.0835932
1670847665733000000,2109.278,0,0,0,2500,0,0,0,7.0943723,46.0835932
1670847670828000000,2114.373,0,0,0,2500,0,0,0,7.0943723,46.0835932
1670847675904000000,2119.449,0,0,0,2500,0,0,0,7.0943723,46.0835932
1670847680850000000,2124.3949997558593,0,0,0,2500,0,0,0,7.0943723,46.0835932
1670847685890000000,2129.4349997558593,0,0,0,2500,0,0,0,7.0943723,46.0835932
1670847691022000000,2134.5670002441407,0,0,0,2500,0,0,0,7.0943723,46.0835932
1670847694100000000,2137.645,0,0,0,2500,0,0,0,7.0943723,46.0835932
1670847699123000000,2142.668,0,0,0,2500,0,0,0,7.0943723,46.0835932
1670847704152000000,2147.697,0,0,0,2500,0,0,0,7.0943723,46.0835932
1670847709178000000,2152.7229997558593,0,0,0,2500,0,0,0,7.0943723,46.0835932
1670847714699000000,2158.244,0,0,0,2500,0,0,0,7.0943723,46.0835932
1670847719740000000,2163.285,0,0,0,1799.9990234375,0,0,0,7.0976123,46.0851895
1670847724774000000,2168.3190002441406,0,0,0,1799.9990234375,0,0,0,7.0976123,46.0851895
1670847729801000000,2173.346,0,0,0,2500,0,0,0,7.0943723,46.0835932
1670847734813000000,2178.358,0,0,0,2500,0,0,0,7.0943723,46.0835932
1670847739840000000,2183.385,0,0,0,2500,0,0,0,7.0943723,46.0835932
1670847744866000000,2188.4109997558594,0,0,0,2500,0,0,0,7.0943723,46.0835932
1670847749893000000,2193.438,0,0,0,2500,0,0,0,7.0943723,46.0835932
1670847754940000000,2198.485,0,0,0,2500,0,0,0,7.0943723,46.0835932
1670847759971000000,2203.516,0,0,0,2500,0,0,0,7.0943723,46.0835932
1670847765012000000,2208.557,0,0,0,2500,0,0,0,7.0943723,46.0835932
1670847770056000000,2213.601,0,0,0,2500,0,0,0,7.0943723,46.0835932
1670847775220000000,2218.765,0,0,0,1799.9990234375,0,0,0,7.0976123,46.0851895
1670847780123000000,2223.668,0,0,0,1799.9990234375,0,0,0,7.0976123,46.0851895
1670847785148000000,2228.693,0,0,0,1799.9990234375,0,0,0,7.0976123,46.0851895
1670847790227000000,2233.772,0,0,0,2500,0,0,0,7.0943723,46.0835932
1670847795248000000,2238.793,0,0,0,2500,0,0,0,7.0943723,46.0835932
1670847800390000000,2243.9350002441406,0,0,0,2500,0,0,0,7.0943723,46.0835932
1670847805415000000,2248.96,0,0,0,2500,0,0,0,7.0943723,46.0835932
1670847810452000000,2253.997,0,0,0,1799.9990234375,0,0,0,7.0976123,46.0851895
1670847815473000000,2259.018,0,0,0,1799.9990234375,0,0,0,7.0976123,46.0851895
1670847820480000000,2264.025,0,0,0,2500,0,0,0,7.0943723,46.0835932
1670847825522000000,2269.0669997558593,0,0,0,2500,0,0,0,7.0943723,46.0835932
1670847830568000000,2274.113,0,0,0,1799.9990234375,0,0,0,7.0976123,46.0851895
1670847835592000000,2279.137,0,0,0,1799.9990234375,0,0,0,7.0976123,46.0851895
1670847840625000000,2284.17,0,0,0,1799.9990234375,0,0,0,7.0979622,46.0851678
1670847845647000000,2289.192,0,0,0,1799.9990234375,0,0,0,7.0979622,46.0851678
1670847850650000000,2294.1949997558595,0,0,0,1799.9990234375,0,0,0,7.0979622,46.0851678
1670847855671000000,2299.216,0,0,0,1799.9990234375,0,0,0,7.0979622,46.0851678
1670847860718000000,2304.2630002441406,0,0,0,1799.9990234375,0,0,0,7.0976123,46.0851895
1670847865748000000,2309.293,0,0,0,1799.9990234375,0,0,0,7.0976123,46.0851895
1670847870765000000,2314.31,0,0,0,2500,0,0,0,7.0943723,46.0835932
1670847875781000000,2319.326,0,0,0,2500,0,0,0,7.0943723,46.0835932
1670847880793000000,2324.338,0,0,0,2500,0,0,0,7.0943723,46.0835932
1670847885813000000,2329.358,0,0,0,2500,0,0,0,7.0943723,46.0835932
1670847890852000000,2334.397,0,0,0,1500,0,0,0,7.1283148,46.0814774
1670847895996000000,2339.541,0,0,0,1500,0,0,0,7.1283148,46.0814774
1670847901062000000,2344.6070002441406,0,0,0,2500,0,0,0,7.0943723,46.0835932
1670847905995000000,2349.54,0,0,0,2500,0,0,0,7.0943723,46.0835932
1670847911027000000,2354.572,0,0,0,2500,0,0,0,7.0943723,46.0835932
1670847923803000000,2367.348,0,0,0,2500,0,0,0,7.0943723,46.0835932
1670847928847000000,2372.392,0,0,0,2500,0,0,0,7.0943723,46.0835932
1670847933872000000,2377.417,0,0,0,1799.9990234375,0,0,0,7.0976123,46.0851895
1670847962800000000,2406.345,0,0,0,2500,0,0,0,7.0943723,46.0835932
1670847991071000000,2434.616,0,0,0,2500,0,0,0,7.0943723,46.0835932
1670847996196000000,2439.741,0,0,0,2500,0,0,0,7.0943723,46.0835932
1670848001120000000,2444.665,0,0,0,2500,0,0,0,7.0943723,46.0835932
1670848006148000000,2449.693,0,0,0,2500,0,0,0,7.0943723,46.0835932
1670848011199000000,2454.744,0,0,0,2500,0,0,0,7.0943723,46.0835932
1670848016235000000,2459.78,0,0,0,2500,0,0,0,7.0943723,46.0835932
1670848021260000000,2464.805,0,0,0,1799.9990234375,0,0,0,7.0976123,46.0851895
1670848054235000000,2497.78,0,0,0,2000,0,0,0,7.2842258,46.0827159
1670848088227000000,2531.772,0,0,0,1500,0,0,0,7.2906933,46.0829021
1670848115061000000,2558.606,0,0,0,500,0,0,0,7.2804906,46.0820553
1670848149159000000,2592.704,0,0,0,2000,0,0,0,7.2842258,46.0827159
1670848180874000000,2624.418999755859,0,0,0,600,0,0,0,7.2736736,46.0818908
1670848214680000000,2658.225,0,0,0,600,0,0,0,7.2736736,46.0818908
1670848233071000000,2676.616,0,0,0,1500,0,0,0,7.269515,46.0851531
1670848238082000000,2681.6269997558593,0,0,0,1500,0,0,0,7.269515,46.0851531
1670848264340000000,2707.885,0,0,41.602500915527344,135.60000610351562,0,0,2323.699951171875,7.2679618,46.0805588
1670848270743000000,2714.288,0,0,16.59490394592285,92.9000015258789,0,0,2323.699951171875,7.2679635,46.0805574
1670848275743000000,2719.288,0,0,49.510414123535156,142.5,0,0,2323.699951171875,7.2679575,46.0805574
1670848280787000000,2724.332,0,0,26.625600814819336,116.0999984741211,0,0,2323.699951171875,7.2679668,46.0805579
1670848285852000000,2729.397,0,0,41.602500915527344,135.60000610351562,0,0,2323.699951171875,7.2679618,46.0805588
1670848291015000000,2734.56,0,0,20.729272842407227,104.0999984741211,0,0,2323.699951171875,7.2679664,46.0805543
1670848296058000000,2739.6029997558594,0,0,21.86408805847168,116.0999984741211,0,0,2323.699951171875,7.2679669,46.080552
1670848301086000000,2744.6310002441405,0,0,35.44828414916992,128.8990020751953,0,0,2323.699951171875,7.2679649,46.0805595
1670848306100000000,2749.645,0,0,12.428962707519531,92.9000015258789,0,0,2323.699951171875,7.2679668,46.0805495
1670848311153000000,2754.698,0,0,14.976900100708008,87.5999984741211,0,0,2323.699951171875,7.2679641,46.0805576
1670848316227000000,2759.772,0,0,7.7200517654418945,60,0,0,2323.699951171875,7.2679702,46.0805559
1670848321225000000,2764.77,0,0,9.539426803588867,77.5999984741211,0,0,2323.699951171875,7.2679677,46.0805519
1670848326229000000,2769.774,0,0,8.595064163208008,68.4000015258789,0,0,2323.699951171875,7.2679691,46.0805537
1670848331187000000,2774.732,0,0,6.799954414367676,64.0999984741211,0,0,2323.699951171875,7.2679709,46.0805548
1670848336298000000,2779.842999755859,0,0,4.79260778427124,64.0999984741211,0,0,2323.699951171875,7.2679745,46.080567
1670848341326000000,2784.8710002441408,0,0,4.562650203704834,52.400001525878906,0,0,2323.699951171875,7.2679776,46.080574
1670848346342000000,2789.887000244141,0,0,6.176041126251221,72.9000015258789,0,0,2323.699951171875,7.2679759,46.0805702
1670848351361000000,2794.906,0,0,6.208041667938232,60,0,0,2323.699951171875,7.2679715,46.0805556
1670848356379000000,2799.924,0,0,5.461039066314697,48.900001525878906,0,0,2323.699951171875,7.2679717,46.0805568
1670848361428000000,2804.973,0,0,8.206520080566406,82.5,0,0,2323.699951171875,7.267976,46.0805733
1670848368842000000,2812.3869997558595,0,0,3.9490838050842285,34.400001525878906,0,0,2323.699951171875,7.2679723,46.0805574
1670848373891000000,2817.436,0,0,4.562650203704834,52.400001525878906,0,0,2323.699951171875,7.2679723,46.0805599
1670848378906000000,2822.4509997558594,0,0,3.744225025177002,39.599998474121094,0,0,2323.699951171875,7.2679725,46.080559
1670848383959000000,2827.504,0,0,4.0892558097839355,39.599998474121094,0,0,2323.699951171875,7.267972,46.0805579
1670848388993000000,2832.538,0,0,6.075821399688721,64.0999984741211,0,0,2323.699951171875,7.267971,46.0805571
1670848394014000000,2837.5590002441404,0,0,7.089656829833984,77.5999984741211,0,0,2323.699951171875,7.2679713,46.0805625
1670848399082000000,2842.6269997558593,0,0,4.890416145324707,52.400001525878906,0,0,2323.699951171875,7.2679719,46.0805578
1670848404096000000,2847.641,0,0,4.662070274353027,42.5,0,0,2323.699951171875,7.2679717,46.0805574
1670848409156000000,2852.701,0,0,6.6555352210998535,52.400001525878906,0,0,2323.699951171875,7.2679706,46.0805556
1670848414225000000,2857.77,0,0,4.988143444061279,64.0999984741211,0,0,2323.699951171875,7.2679746,46.0805667
1670848419235000000,2862.78,0,0,5.91387939453125,72.9000015258789,0,0,2323.699951171875,7.2679733,46.0805665
1670848424188000000,2867.733,0,0,8.095622062683105,77.5999984741211,0,0,2323.699951171875,7.2679688,46.0805546
1670848429337000000,2872.882,0,0,8.320500373840332,68.4000015258789,0,0,2323.699951171875,7.2679694,46.0805535
1670848434344000000,2877.889,0,0,12.454802513122559,110,0,0,2323.699951171875,7.2679769,46.0805703
1670848439378000000,2882.9229997558596,0,0,12.151642799377441,98.4000015258789,0,0,2323.699951171875,7.26797,46.0805505
1670848444433000000,2887.978,0,0,17.619882583618164,122.4000015258789,0,0,2323.699951171875,7.2679761,46.0805654
1670848449460000000,2893.005,0,0,26.625600814819336,116.0999984741211,0,0,2323.699951171875,7.2679725,46.0805705
1670848451820000000,2895.365,0,0,0,2299.9990234375,0,0,0,7.223813,46.0946511
1670848456850000000,2900.3949997558593,0,0,0,2299.9990234375,0,0,0,7.223813,46.0946511
1670848461872000000,2905.417,0,0,0,2299.9990234375,0,0,0,7.223813,46.0946511
1670848490943000000,2934.488,0,0,0,500,0,0,0,7.2670081,46.0823157
1670848498370000000,2941.9149997558593,0,0,0,500,0,0,0,7.2670081,46.0823157
1670848518519000000,2962.064,0,0,0,1500,0,0,0,7.269515,46.0851531
1670848523538000000,2967.0829997558594,0,0,0,500,0,0,0,7.2670081,46.0823157
1670848556530000000,3000.074999755859,0,0,0,500,0,0,0,7.2670081,46.0823157
1670848576751000000,3020.296,0,0,0,500,0,0,0,7.2670081,46.0823157
1670848581790000000,3025.3350002441407,0,0,0,500,0,0,0,7.2670081,46.0823157
1670848610551000000,3054.096,0,0,0,500,0,0,0,7.2670081,46.0823157
1670848621078000000,3064.6230002441407,0,0,0,500,0,0,0,7.2670081,46.0823157
1670848626079000000,3069.624,0,0,0,500,0,0,0,7.2670081,46.0823157
1670848631092000000,3074.637,0,0,0,500,0,0,0,7.2670081,46.0823157
1670848636106000000,3079.650999755859,0,0,0,500,0,0,0,7.2670081,46.0823157
1670848643817000000,3087.362,0,0,49.510414123535156,142.5,0,0,2519.5,7.2648792,46.0874404
1670848648789000000,3092.334,0,0,8.217778205871582,56.099998474121094,0,0,2519.5,7.2648948,46.0874416
1670848657738000000,3101.2829997558592,0,0,49.510414123535156,142.5,0,0,2519.5,7.2648792,46.0874404
1670848660101000000,3103.646,0,0,0,500,0,0,0,7.2670081,46.0823157
1670848671077000000,3114.622,0,0,0,200,0,0,0,7.256585,46.0847776
1670848676091000000,3119.636,0,0,0,200,0,0,0,7.256585,46.0847776
1670848681109000000,3124.654,0,0,0,1799.9990234375,0,0,0,7.2678872,46.088554
1670848688778000000,3132.322999755859,0,0,41.602500915527344,135.60000610351562,0,0,2519.5,7.2648838,46.087442
1670848691163000000,3134.708,0,0,0,1799.9990234375,0,0,0,7.2678872,46.088554
1670848696187000000,3139.732,0,0,0,1799.9990234375,0,0,0,7.2678872,46.088554
1670848701212000000,3144.757,0,0,0,1799.9990234375,0,0,0,7.2678872,46.088554
1670848706238000000,3149.7830002441406,0,0,0,1799.9990234375,0,0,0,7.2678872,46.088554
1670848711282000000,3154.8269997558596,0,0,0,1799.9990234375,0,0,0,7.2678872,46.088554
1670848716293000000,3159.838,0,0,0,1799.9990234375,0,0,0,7.2678872,46.088554
1670848721314000000,3164.8589997558593,0,0,0,1799.9990234375,0,0,0,7.2678872,46.088554
1670848726371000000,3169.916,0,0,0,1799.9990234375,0,0,0,7.2678872,46.088554
1670848731367000000,3174.912,0,0,0,1799.9990234375,0,0,0,7.2678872,46.088554
1670848736390000000,3179.9350002441406,0,0,0,1799.9990234375,0,0,0,7.2678872,46.088554
1670848741432000000,3184.977,0,0,0,1799.9990234375,0,0,0,7.2678872,46.088554
1670848746452000000,3189.997,0,0,0,1799.9990234375,0,0,0,7.2678872,46.088554
1670848751493000000,3195.038,0,0,0,1799.9990234375,0,0,0,7.2678872,46.088554
1670848756551000000,3200.096,0,0,0,1799.9990234375,0,0,0,7.2678872,46.088554
1670848761597000000,3205.142,0,0,0,1799.9990234375,0,0,0,7.2678872,46.088554
1670848766622000000,3210.1670002441406,0,0,0,1799.9990234375,0,0,0,7.2678872,46.088554
1670848792074000000,3235.6189997558595,0,0,0,1799.9990234375,0,0,0,7.2678872,46.088554
1670848797190000000,3240.735000244141,0,0,0,1799.9990234375,0,0,0,7.2678872,46.088554
1670848830227000000,3273.772,0,0,0,1799.9990234375,0,0,0,7.2678872,46.088554
1670848855059000000,3298.604,0,0,0,2099.9990234375,0,0,0,7.1245743,46.0793139
1670848869150000000,3312.695000244141,0,0,0,2099.9990234375,0,0,0,7.1245743,46.0793139
1670848892073000000,3335.618,0,0,0,2500,0,0,0,7.0943723,46.0835932
1670848897259000000,3340.804,0,0,0,2500,0,0,0,7.0943723,46.0835932
1670848902179000000,3345.724,0,0,0,2500,0,0,0,7.0943723,46.0835932
1670848910085000000,3353.63,0,0,0,2500,0,0,0,7.0943723,46.0835932
1670848915143000000,3358.688,0,0,0,2500,0,0,0,7.0943723,46.0835932
1670848948059000000,3391.604,0,0,0,2500,0,0,0,7.0943723,46.0835932
1670848983295000000,3426.84,0,0,16.59490394592285,92.9000015258789,0,0,2246.5,7.2528714,46.0903972
1670848991071000000,3434.616,0,0,26.625600814819336,116.0999984741211,0,0,2246.5,7.2528759,46.090398
1670849016207000000,3459.752,0,0,0,2299.9990234375,0,0,0,7.223813,46.0946511
1670849036182000000,3479.7270002441405,0,0,0,2299.9990234375,0,0,0,7.223813,46.0946511
1670849041218000000,3484.7629997558593,0,0,0,2299.9990234375,0,0,0,7.223813,46.0946511
1670849046241000000,3489.786,0,0,0,2299.9990234375,0,0,0,7.2025422,46.0852058
1670849051288000000,3494.833,0,0,0,2299.9990234375,0,0,0,7.2025422,46.0852058
1670849056305000000,3499.85,0,0,0,2299.9990234375,0,0,0,7.223813,46.0946511
1670849061450000000,3504.994999755859,0,0,0,2299.9990234375,0,0,0,7.223813,46.0946511
1670849066378000000,3509.9229997558596,0,0,0,2299.9990234375,0,0,0,7.223813,46.0946511
1670849071420000000,3514.965,0,0,0,2299.9990234375,0,0,0,7.223813,46.0946511
1670849076435000000,3519.98,0,0,0,2299.9990234375,0,0,0,7.223813,46.0946511
1670849081457000000,3525.002,0,0,0,2299.9990234375,0,0,0,7.223813,46.0946511
1670849086481000000,3530.026,0,0,0,2299.9990234375,0,0,0,7.223813,46.0946511
1670849091517000000,3535.062,0,0,0,2299.9990234375,0,0,0,7.223813,46.0946511
1670849125879000000,3569.424,0,0,18.489999771118164,98.4000015258789,0,0,1709.5,7.2335627,46.108442
1670849159738000000,3603.2829997558592,0,0,49.510414123535156,142.5,0,0,1991.800048828125,7.2323212,46.1149048
1670849173779000000,3617.324,0,0,30.565101623535156,122.4000015258789,0,0,1709.5,7.2335667,46.1084385
1670849178812000000,3622.357,0,0,35.44828414916992,128.8990020751953,0,0,1709.5,7.233567,46.1084426
1670849181185000000,3624.73,0,0,0,2299.9990234375,0,0,0,7.2025422,46.0852058
1670849186228000000,3629.773,0,0,0,2299.9990234375,0,0,0,7.2025422,46.0852058
1670849191249000000,3634.794,0,0,0,2400,0,0,0,7.1729922,46.0837712
1670849221510000000,3665.0550002441405,0,0,14.976900100708008,87.5999984741211,0,0,1829.2000732421875,7.2433661,46.0976706
1670849233734000000,3677.2790002441407,0,0,9.772854804992676,98.4000015258789,0,0,1830.9000244140625,7.243381,46.0976749
1670849238776000000,3682.321,0,0,49.510414123535156,142.5,0,0,1661.300048828125,7.2309784,46.1038927
1670849258382000000,3701.927000244141,0,0,0,122.4000015258789,0,0,0,7.2411232,46.0981077
1670849264794000000,3708.3389997558593,0,0,0,52.400001525878906,0,0,0,7.2411308,46.0981066
1670849269792000000,3713.337,0,0,0,142.5,0,0,0,7.2411143,46.0981056
1670849288058000000,3731.6029997558594,0,0,0,1500,0,0,0,7.2342595,46.0936893
1670849323247000000,3766.792,0,0,59.90760040283203,149.60000610351562,0,0,1524.9000244140625,7.2237183,46.0969383
1670849355710000000,3799.255000244141,0,0,0,1500,0,0,0,7.2342595,46.0936893
1670849359634000000,3803.1789997558594,0,0,0,1500,0,0,0,7.2342595,46.0936893
1670849360631000000,3804.176,0,0,0,1500,0,0,0,7.2342595,46.0936893
1670849372100000000,3815.645,0,0,0,1500,0,0,0,7.2342595,46.0936893
1670849377136000000,3820.681,0,0,0,1500,0,0,0,7.2342595,46.0936893
1670849411770000000,3855.3149997558594,0,0,0,1500,0,0,0,7.2342595,46.0936893
1670849440372000000,3883.917,0,0,26.510311126708984,26.152000427246094,0,0,1586.300048828125,7.2338475,46.0938407
1670849446765000000,3890.31,0,0,11.90173053741455,52.979000091552734,0,0,1586.300048828125,7.2338943,46.0939107
1670849466714000000,3910.2589997558593,0,0,8.411625862121582,64.03199768066406,0,0,1586.7000732421875,7.2340759,46.0934563
1670849474450000000,3917.994999755859,0,0,11.103095054626465,35.99399948120117,0,0,1586.7000732421875,7.234103,46.0929804
1670849479480000000,3923.025,0,0,15.370807647705078,40.3390007019043,0,0,1583.5999755859375,7.2335825,46.0930423
1670849484565000000,3928.11,0,0,4.97418737411499,25.83300018310547,0,0,1585.4000244140625,7.2338939,46.0931039
1670849489584000000,3933.129,0,0,5.512317657470703,30.768999099731445,0,0,1585.4000244140625,7.2337452,46.093066
1670849494601000000,3938.146,0,0,5.971182823181152,35.76499938964844,0,0,1583.5999755859375,7.2337471,46.0930222
1670849499618000000,3943.1629997558593,0,0,5.243011474609375,24.243999481201172,0,0,1583.5999755859375,7.2334779,46.0930434
1670849504692000000,3948.237,0,0,4.476376533508301,31.79800033569336,0,0,1583.5999755859375,7.2337234,46.0931094
1670849509708000000,3953.253,0,0,28.640743255615234,40.345001220703125,0,0,1585,7.233737,46.0930795
1670849514729000000,3958.274,0,0,7.375394821166992,31.326000213623047,0,0,1583.5999755859375,7.2337864,46.0930389
1670849519839000000,3963.384,0,0,6.0926666259765625,41.72200012207031,0,0,1585,7.2338081,46.0929625
1670849524808000000,3968.353,0,0,7.706075668334961,43.49700164794922,0,0,1583.5999755859375,7.2337721,46.0928232
1670849529827000000,3973.372,0,0,4.7019195556640625,31.29199981689453,0,0,1583.5999755859375,7.2337918,46.0930389
1670849534844000000,3978.389,0,0,5.226773738861084,28.913999557495117,0,0,1585.4000244140625,7.2337884,46.093122
1670849539896000000,3983.441,0,0,4.0381669998168945,25.12299919128418,0,0,1585,7.2336513,46.0931172
1670849544932000000,3988.477,0,0,17.30152130126953,32.137001037597656,0,0,1588,7.2337698,46.0932625
1670849549958000000,3993.503000244141,0,0,6.319366931915283,77.5999984741211,0,0,1587.0999755859375,7.2338708,46.0932776
1670849554981000000,3998.526,0,0,12.567850112915039,23.63800048828125,0,0,1585,7.2337185,46.0932845
1670849559966000000,4003.5110002441406,0,0,26.78251075744629,53.37699890136719,0,0,1587.0999755859375,7.2336559,46.0932582
1670849565018000000,4008.5629997558594,0,0,7.1675896644592285,39.60599899291992,0,0,1574.5999755859375,7.2331287,46.093389
1670849569964000000,4013.509,0,0,3.093518018722534,20.27899932861328,0,0,1574.4000244140625,7.2330518,46.0935658
1670849575052000000,4018.597,0,0,1.4459176063537598,24.450000762939453,0,0,1574.5,7.2330628,46.0935168
1670849580057000000,4023.602,0,0,1.60028874874115,24.2189998626709,0,0,1574.800048828125,7.2331444,46.0933402
1670849585120000000,4028.665,0,0,1.59207284450531,32.090999603271484,0,0,1575.9000244140625,7.233122,46.0933779
1670849590138000000,4033.6829997558593,0,0,1.7988983392715454,21.215999603271484,0,0,1575.9000244140625,7.2330994,46.0935397
1670849595187000000,4038.732,0,0,2.1875505447387695,37.08399963378906,0,0,1576.5999755859375,7.233141,46.0936155
1670849600174000000,4043.7190002441407,0,0,2.3528552055358887,20.16200065612793,0,0,1574.7000732421875,7.2330936,46.0937197
1670849605191000000,4048.736,0,0,1.7834993600845337,19.35700035095215,0,0,1574.7000732421875,7.2330582,46.0937182
1670849610165000000,4053.71,0,0,1.6999346017837524,18.924999237060547,0,0,1574.800048828125,7.2331553,46.0936548
1670849615298000000,4058.842999755859,0,0,1.2842069864273071,18.263999938964844,0,0,1576.800048828125,7.2332556,46.0936209
1670849620316000000,4063.861,0,0,1.6356167793273926,20.06999969482422,0,0,1576.300048828125,7.2331702,46.0936596
1670849625261000000,4068.806,0,0,1.5959248542785645,22.47599983215332,0,0,1576.800048828125,7.2332424,46.0936861
1670849630377000000,4073.922,0,0,1.231178879737854,15.723999977111816,0,0,1576.5999755859375,7.2332341,46.0936494
1670849635368000000,4078.913,0,0,1.077208161354065,14.319000244140625,0,0,1576.5999755859375,7.2332596,46.0936463
1670849643151000000,4086.696,0,0,1.1926977634429932,14.13599967956543,0,0,1576.800048828125,7.2332543,46.0936345
1670849648199000000,4091.744,0,0,1.0268081426620483,16.73900032043457,0,0,1576.800048828125,7.2332608,46.0936283
1670849653216000000,4096.761,0,0,1,14.218000411987305,0,0,1576.5999755859375,7.2332415,46.0936362
1670849658234000000,4101.778999755859,0,0,1.7166036367416382,22.19300079345703,0,0,1576.800048828125,7.2332636,46.0936251
1670849663312000000,4106.857,0,0,1.5736169815063477,21.136999130249023,0,0,1576.800048828125,7.2333111,46.0936668
1670849668340000000,4111.885,0,0,1.1647624969482422,17.889999389648438,0,0,1576.5999755859375,7.2332397,46.0936288
1670849673388000000,4116.933,0,0,1.2174689769744873,18.334999084472656,0,0,1576.800048828125,7.2332894,46.0936751
1670849678377000000,4121.922,0,0,1.2757890224456787,17.266000747680664,0,0,1576.5999755859375,7.2332684,46.0936477
1670849683395000000,4126.94,0,0,1.344184398651123,16.429000854492188,0,0,1576.5999755859375,7.233292,46.0936484
1670849688442000000,4131.986999755859,0,0,1.1092398166656494,13.772000312805176,0,0,1576.5999755859375,7.2332175,46.0936482
1670849693460000000,4137.005,0,0,1.9229284524917603,19.16200065612793,0,0,1576.5999755859375,7.2332107,46.0936478
1670849698478000000,4142.02300024414,0,0,1.2670812606811523,16.027000427246094,0,0,1576.800048828125,7.2332608,46.0936467
1670849703467000000,4147.012,0,0,1.3283281326293945,18.950000762939453,0,0,1576.800048828125,7.233255,46.0936321
1670849708582000000,4152.127000244141,0,0,1.513965129852295,22.858999252319336,0,0,1576.5999755859375,7.2332347,46.0936221
1670849713587000000,4157.132,0,0,1.6722569465637207,16.70199966430664,0,0,1576.5999755859375,7.2331682,46.0936376
1670849718547000000,4162.092,0,0,1.5625351667404175,18.049999237060547,0,0,1576.800048828125,7.2332483,46.0936264
1670849723666000000,4167.210999755859,0,0,1.2089552879333496,14.66100025177002,0,0,1576.5999755859375,7.2332309,46.0936567
1670849728657000000,4172.202,0,0,1.4139155149459839,19.19499969482422,0,0,1576.800048828125,7.2332474,46.0936317
1670849733703000000,4177.248,0,0,1.3540441989898682,13.307999610900879,0,0,1576.800048828125,7.2332371,46.0936438
1670849738720000000,4182.265,0,0,1.1144253015518188,17.483999252319336,0,0,1576.5999755859375,7.2332445,46.0936386
1670849743738000000,4187.282999755859,0,0,1.3771861791610718,15.645000457763672,0,0,1576.800048828125,7.2332421,46.0936325
1670849748754000000,4192.29899975586,0,0,1.6568197011947632,19.170000076293945,0,0,1576.800048828125,7.2332556,46.0936385
1670849753771000000,4197.316,0,0,1.4331961870193481,15.741999626159668,0,0,1576.800048828125,7.2332639,46.0936385
1670849758792000000,4202.337,0,0,1.864393711090088,18.104999542236328,0,0,1576.800048828125,7.233248,46.0936497
1670849763882000000,4207.4269997558595,0,0,2.4345591068267822,22.527999877929688,0,0,1576.800048828125,7.2332873,46.0936642
1670849768928000000,4212.473,0,0,1.7471771240234375,20.312999725341797,0,0,1576.800048828125,7.2332332,46.0936462
1670849773843000000,4217.388,0,0,1.4281572103500366,19.475000381469727,0,0,1576.5999755859375,7.2332408,46.0936387
1670849778963000000,4222.508,0,0,1.0942027568817139,15.95300006866455,0,0,1576.5999755859375,7.2332482,46.0936323
1670849783981000000,4227.526,0,0,1.3730827569961548,15.810999870300293,0,0,1576.800048828125,7.2332724,46.093647
1670849788998000000,4232.543000244141,0,0,1.1040840148925781,15.057999610900879,0,0,1576.800048828125,7.2332634,46.0936388
1670849794016000000,4237.561,0,0,1.3384182453155518,15.057999610900879,0,0,1576.800048828125,7.2332606,46.0936398
1670849799059000000,4242.604,0,0,1.2144253253936768,15.847000122070312,0,0,1576.800048828125,7.2332531,46.0936465
1670849804050000000,4247.594999755859,0,0,1.1292667388916016,18.733999252319336,0,0,1576.800048828125,7.2332566,46.093628
1670849809144000000,4252.689,0,0,1.2441868782043457,15.932999610900879,0,0,1576.800048828125,7.233241,46.0936323
1670849814189000000,4257.734,0,0,1.6810764074325562,19.768999099731445,0,0,1576.800048828125,7.2332594,46.09364
1670849819206000000,4262.75100024414,0,0,1.7651485204696655,19.645000457763672,0,0,1576.800048828125,7.2332505,46.0936322
1670849824225000000,4267.77,0,0,1.5113731622695923,18.08799934387207,0,0,1576.800048828125,7.2332481,46.0936313
1670849829310000000,4272.855000244141,0,0,1.503150224685669,19.190000534057617,0,0,1576.800048828125,7.2332325,46.0936473
1670849834318000000,4277.8630002441405,0,0,1.2938878536224365,16.679000854492188,0,0,1576.5999755859375,7.2332527,46.0936372
1670849839353000000,4282.898,0,0,1.5757763385772705,15.734999656677246,0,0,1576.800048828125,7.2332621,46.093635
1670849844369000000,4287.914,0,0,1.7493951320648193,15.845999717712402,0,0,1576.800048828125,7.2332559,46.0936354
1670849849414000000,4292.959000244141,0,0,1.3861768245697021,15.633000373840332,0,0,1576.5999755859375,7.2332447,46.0936395
1670849854432000000,4297.977,0,0,1.2595114707946777,15.76099967956543,0,0,1576.800048828125,7.2332637,46.0936376
1670849859450000000,4302.99499975586,0,0,1.3275160789489746,15.883999824523926,0,0,1576.800048828125,7.2332531,46.0936357
1670849864469000000,4308.014,0,0,1.5556162595748901,16.472999572753906,0,0,1576.800048828125,7.2332498,46.0936382
1670849869483000000,4313.028,0,0,1.173048734664917,16.40399932861328,0,0,1576.5999755859375,7.2332477,46.0936323
1670849874503000000,4318.048,0,0,1.3366265296936035,17.770999908447266,0,0,1576.800048828125,7.2332484,46.0936309
1670849879584000000,4323.129,0,0,1.2913904190063477,16.97599983215332,0,0,1576.800048828125,7.2332511,46.0936369
1670849884614000000,4328.159000244141,0,0,1.2256056070327759,18.41699981689453,0,0,1576.800048828125,7.233254,46.0936398
1670849889658000000,4333.202999755859,0,0,1.2141791582107544,17.163999557495117,0,0,1576.5999755859375,7.2332447,46.0936369
1670849894674000000,4338.218999755859,0,0,1.2776199579238892,17.604000091552734,0,0,1576.800048828125,7.2332587,46.093639
1670849899693000000,4343.238,0,0,1.3258693218231201,17.516000747680664,0,0,1576.5999755859375,7.2332537,46.0936388
1670849904710000000,4348.25500024414,0,0,1.2475895881652832,16.08799934387207,0,0,1576.5999755859375,7.2332589,46.0936393
1670849909706000000,4353.250999755859,0,0,1.2468502521514893,15.6899995803833,0,0,1576.5999755859375,7.2332637,46.0936338
1670849914745000000,4358.29,0,0,1.0651276111602783,17.549999237060547,0,0,1576.5999755859375,7.2332509,46.0936272
1670849919763000000,4363.308,0,0,1.2176342010498047,19.093000411987305,0,0,1576.800048828125,7.2332523,46.093631
1670849924782000000,4368.32700024414,0,0,1.0561988353729248,15.675999641418457,0,0,1576.5999755859375,7.2332561,46.093634
1670849929798000000,4373.343000244141,0,0,1.26627779006958,18.341999053955078,0,0,1576.800048828125,7.2332472,46.09363
1670849934818000000,4378.362999755859,0,0,1.0874496698379517,16.260000228881836,0,0,1576.800048828125,7.2332513,46.0936355
1670849939911000000,4383.456,0,0,1.1637063026428223,17.666000366210938,0,0,1576.800048828125,7.2332675,46.0936331
1670849944942000000,4388.48700024414,0,0,1.2652080059051514,19.60700035095215,0,0,1576.800048828125,7.2332728,46.0936262
1670849949965000000,4393.51,0,0,1.310565710067749,15.126999855041504,0,0,1576.800048828125,7.2332632,46.0936356
1670849954991000000,4398.536,0,0,1.2467762231826782,17.576000213623047,0,0,1576.800048828125,7.2332503,46.0936341
1670849960009000000,4403.554,0,0,1.2913904190063477,19.56599998474121,0,0,1576.800048828125,7.2332526,46.0936278
1670849965023000000,4408.568,0,0,1.5100805759429932,19.531999588012695,0,0,1576.800048828125,7.233255,46.0936406
1670849970040000000,4413.585,0,0,1.247140645980835,18.058000564575195,0,0,1576.5999755859375,7.2332526,46.0936334
1670849975059000000,4418.604,0,0,1.0388001203536987,18.474000930786133,0,0,1576.800048828125,7.2333025,46.0936655
1670849980075000000,4423.62,0,0,1.5337327718734741,19.809999465942383,0,0,1576.800048828125,7.2332605,46.0936175
1670849985094000000,4428.63900024414,0,0,1.2369935512542725,19.079999923706055,0,0,1576.800048828125,7.2332596,46.0936208
1670849990112000000,4433.657,0,0,1.6627143621444702,20.177000045776367,0,0,1576.800048828125,7.2332731,46.0936257
1670849995217000000,4438.762,0,0,1.8787060976028442,20.81999969482422,0,0,1576.800048828125,7.2332935,46.0936341
1670850000237000000,4443.782,0,0,1.5660234689712524,14.458000183105469,0,0,1576.800048828125,7.2332724,46.0936339
1670850005267000000,4448.812,0,0,1.2932829856872559,14.258000373840332,0,0,1576.800048828125,7.2332808,46.0936442
1670850010284000000,4453.829,0,0,1.4010196924209595,19.006999969482422,0,0,1576.800048828125,7.2332588,46.0936251
1670850015303000000,4458.848,0,0,1.2776199579238892,18.141000747680664,0,0,1576.800048828125,7.2332609,46.0936254
1670850020319000000,4463.864,0,0,1.362155556678772,19.75,0,0,1576.800048828125,7.2332529,46.0936226
1670850025412000000,4468.957,0,0,1.3295073509216309,18.371999740600586,0,0,1576.800048828125,7.2332527,46.0936267
1670850030450000000,4473.99499975586,0,0,1.285295009613037,17.173999786376953,0,0,1576.800048828125,7.2332617,46.0936288
1670850035450000000,4478.99499975586,0,0,1.310888409614563,18.724000930786133,0,0,1576.800048828125,7.2332475,46.0936136
1670850040469000000,4484.014,0,0,1.3339478969573975,15.253999710083008,0,0,1576.800048828125,7.233248,46.0936333
1670850045407000000,4488.952,0,0,1.2421231269836426,17.22599983215332,0,0,1576.800048828125,7.233254,46.0936221
1670850050528000000,4494.073,0,0,1.2493764162063599,16.8700008392334,0,0,1576.800048828125,7.2332561,46.0936304
1670850055545000000,4499.09,0,0,1.1725895404815674,17.48900032043457,0,0,1576.800048828125,7.2332569,46.0936276
1670850060564000000,4504.109,0,0,1.2400662899017334,20.756999969482422,0,0,1576.800048828125,7.2332556,46.0936196
1670850065582000000,4509.127000244141,0,0,1.1439297199249268,17.804000854492188,0,0,1576.800048828125,7.2332596,46.0936251
1670850070656000000,4514.201,0,0,1.3405146598815918,16.766000747680664,0,0,1576.800048828125,7.2332503,46.0936242
1670850075695000000,4519.24,0,0,1.400364637374878,18.569000244140625,0,0,1576.800048828125,7.2332607,46.0936182
1670850080714000000,4524.25899975586,0,0,1.3680657148361206,17.507999420166016,0,0,1576.800048828125,7.2332635,46.0936266
1670850085753000000,4529.298,0,0,1.4726548194885254,19.097999572753906,0,0,1576.800048828125,7.2332656,46.093621
1670850090772000000,4534.317,0,0,1.274629831314087,18.23699951171875,0,0,1576.800048828125,7.2332582,46.0936283
1670850095788000000,4539.333,0,0,1.1485352516174316,15.576000213623047,0,0,1576.800048828125,7.233228,46.0936363
1670850100807000000,4544.352,0,0,1.1797479391098022,18.51099967956543,0,0,1576.800048828125,7.2332613,46.0936233
1670850105824000000,4549.369,0,0,1.1468524932861328,18.555999755859375,0,0,1576.800048828125,7.2332701,46.0936292
1670850110843000000,4554.388,0,0,1.0157274007797241,16.033000946044922,0,0,1576.5999755859375,7.2332442,46.0936277
1670850115863000000,4559.408,0,0,1,16.566999435424805,0,0,1576.5999755859375,7.2332443,46.0936337
1670850120979000000,4564.524,0,0,1.135258674621582,19.08099937438965,0,0,1576.800048828125,7.2332476,46.0936265
1670850125974000000,4569.51900024414,0,0,1,15.526000022888184,0,0,1576.5999755859375,7.2332459,46.0936297
1670850131013000000,4574.558,0,0,1.1441482305526733,14.621999740600586,0,0,1576.800048828125,7.2332548,46.0936253
1670850136031000000,4579.576,0,0,1.013322114944458,14.640999794006348,0,0,1576.800048828125,7.2332526,46.0936229
1670850141048000000,4584.593,0,0,1.031644582748413,14.442000389099121,0,0,1576.5999755859375,7.233249,46.0936243
1670850146066000000,4589.61099975586,0,0,1,22.06800079345703,0,0,1576.800048828125,7.2332582,46.0936245
1670850151160000000,4594.705,0,0,1,14.873000144958496,0,0,1576.5999755859375,7.2332617,46.0936352
1670850154647000000,4598.192,0,0,1.0070196390151978,16.253000259399414,0,0,1576.5999755859375,7.233231,46.0936325
1670850157330000000,4600.87499975586,0,0,1.091567873954773,18.19700050354004,0,0,1576.300048828125,7.2331723,46.0936566
1670850162506000000,4606.050999755859,0,0,1.909941554069519,18.909000396728516,0,0,1576.5999755859375,7.233205,46.0936653
